,An.Dirus.M,An.Minimus.M,Cx.Quin.M,An.Dirus.F,An.Minimus.F,Cx.Quin.F,time(s)
0,0.058572896,0.007303742,0.06728068,0.04001977,0.08226762,0.08841911,0
1,0.021878798,0.029805508,0.024179816,0.018164782,0.18370564,0.036640573,1
2,0.06400302,0.0460677,0.027142955,0.02834202,0.24937083,0.026464824,2
3,0.042637225,0.024192274,0.017509244,0.013134233,0.35591313,0.016263677,3
4,0.015289963,0.012191888,0.01492704,0.009259026,0.33358982,0.021353463,4
5,0.0321993,0.6658882,0.0130127035,0.00828528,0.027010951,0.048655313,5
6,0.061557394,0.083830886,0.005506542,0.01051583,0.01873021,0.029703619,6
7,0.011309199,0.004565728,0.0052112737,0.010580658,0.009400455,0.0078754695,7
8,0.045307677,0.12345189,0.0117006665,0.033576895,0.007950805,0.029692717,8
9,0.013961316,0.0519148,0.009534848,0.081604965,0.035591766,0.0443562,9
10,0.85441595,0.067314185,0.023606513,0.009177828,0.022556769,0.048283435,10
11,0.13532434,0.04650076,0.041068867,0.02296998,0.031157445,0.07482185,11
12,0.096239716,0.9230212,0.022818858,0.015580408,0.06725771,0.007277442,12
13,0.023891555,0.1484653,0.013728065,0.021301871,0.035787735,0.030466074,13
14,0.015739799,0.044652265,0.017455215,0.05846383,0.07503256,0.013615423,14
15,0.04844593,0.013653065,0.017793894,0.057267044,0.02713127,0.01890269,15
16,0.00671151,0.0018264551,0.0070274402,0.010068021,0.014012932,0.017583339,16
17,0.0024368614,0.0019341637,0.003569617,0.004200119,0.0087735215,0.0038327293,17
18,0.004022312,0.0581894,0.016780816,0.030293334,0.06819888,0.007345684,18
19,0.007809568,0.27841842,0.021017697,0.008046585,0.028083,0.0047582295,19
20,0.07978818,0.008486965,0.03375946,0.011776428,0.063336305,0.023188056,20
21,0.05973232,0.09671319,0.021499848,0.0097573865,0.02196299,0.030361587,21
22,0.03967782,0.2217665,0.01695094,0.0056275884,0.06281958,0.030237298,22
23,0.04528333,0.7259018,0.0058410983,0.005891041,0.024027728,0.028262954,23
24,0.031995922,0.57109326,0.008599186,0.008772008,0.06623626,0.02747001,24
25,0.027985688,0.74959105,0.0047214427,0.0076159863,0.037157707,0.020758796,25
26,0.046726033,0.44803506,0.008138138,0.018911539,0.022903662,0.014266093,26
27,0.021889739,0.014544408,0.014926641,0.008994614,0.07694045,0.013711734,27
28,0.0632677,0.20360722,0.0022773761,0.014219853,0.010616324,0.022972777,28
29,0.010969877,0.56098866,0.0063092536,0.009687786,0.016613672,0.057126284,29
30,0.0031905766,0.0072216312,0.16902557,0.0075188363,0.0058849147,0.014166532,30
31,0.0028424973,0.00175081,0.0043879915,0.010570369,0.030116908,0.0031199208,31
32,0.0026396636,0.004790277,0.0047565317,0.04662192,0.47867486,0.0046894327,32
33,0.011545997,0.0028659238,0.004490505,0.040765353,0.030658126,0.018607818,33
34,0.0063518737,0.0033059823,0.003911857,0.0077115395,0.005419801,0.006132106,34
35,0.0072445446,0.0032604656,0.008530268,0.018373111,0.011350947,0.028305443,35
36,0.014419567,0.0046227053,0.004624373,0.014609916,0.007894662,0.030613886,36
37,0.011478202,0.01394414,0.019811671,0.04744516,0.020910256,0.034862358,37
38,0.0057599405,0.0017100947,0.007627477,0.0032247412,0.005699637,0.0063796006,38
39,0.0104996925,0.0024923696,0.021406978,0.071538985,0.07100612,0.03682122,39
40,0.023595614,0.01777477,0.049062025,0.01843123,0.3738199,0.01613204,40
41,0.03656437,0.004842164,0.011513313,0.024212483,0.041058782,0.01673836,41
42,0.022531245,0.009497114,0.008107918,0.046469532,0.025096964,0.026289908,42
43,0.032687366,0.026557643,0.041425463,0.18348545,0.08045361,0.03210118,43
44,0.108171016,0.25457993,0.024986623,0.032567322,0.067212395,0.028397024,44
45,0.0770397,0.05296606,0.017611928,0.053750902,0.0513516,0.027546918,45
46,0.027963147,0.029152557,0.023293769,0.062285528,0.054043125,0.031557914,46
47,0.020958556,0.00609801,0.009737723,0.016028186,0.048190244,0.014993782,47
48,0.031439416,0.008317769,0.014385014,0.025943015,0.022353875,0.010240769,48
49,0.00884828,0.011760734,0.030789549,0.041020274,0.051268965,0.024218578,49
50,0.051682007,0.01340926,0.04415384,0.042310916,0.022572424,0.02974293,50
51,0.029217975,0.193126,0.029045055,0.030691866,0.009608909,0.026018992,51
52,0.04112325,0.7981292,0.019567102,0.020712383,0.06582106,0.031316344,52
53,0.073378906,0.032311946,0.015497936,0.032545038,0.06673273,0.02386121,53
54,0.18760024,0.13054475,0.016548118,0.02862545,0.10808061,0.021809444,54
55,0.26040882,0.10618445,0.0051266905,0.031121034,0.115273476,0.011944497,55
56,0.024310345,0.07329736,0.013898569,0.022572657,0.11441939,0.015511176,56
57,0.093595035,0.57836884,0.018488621,0.014154189,0.022213995,0.035165686,57
58,0.058475923,0.5399164,0.011701063,0.0071893684,0.01898799,0.037227545,58
59,0.08119799,0.05679545,0.10348797,0.025621423,0.06941632,0.010876151,59
60,0.06348072,0.72621864,0.023888275,0.069102235,0.029277632,0.065100856,60
61,0.005220866,0.010560375,0.018042557,0.015756164,0.016474308,0.029611561,61
62,0.1921307,0.1465791,0.03053477,0.01613422,0.0825111,0.02108423,62
63,0.059463385,0.03496959,0.020104228,0.06590573,0.09109582,0.04178226,63
64,0.03947762,0.03548157,0.021829678,0.038388237,0.08522409,0.034212492,64
65,0.018796133,0.0081573175,0.029471729,0.017721593,0.1329073,0.019258749,65
66,0.026112257,0.0037948268,0.03684092,0.011264491,0.032025434,0.0067021134,66
67,0.014809489,0.0036162692,0.029824978,0.0223563,0.026408916,0.0107480325,67
68,0.009308838,0.008528276,0.01827318,0.031786926,0.036741763,0.013297811,68
69,0.012003798,0.058346447,0.02443554,0.07403415,0.119126745,0.01576219,69
70,0.023486605,0.0068994653,0.038982294,0.05849736,0.056719195,0.012530221,70
71,0.0066737817,0.00211093,0.0092599215,0.013855566,0.028007612,0.004834326,71
72,0.07931457,0.002646338,0.0088666435,0.048030287,0.12681422,0.054986604,72
73,0.023662947,0.0029832588,0.016968789,0.020316446,0.054630596,0.011398936,73
74,0.07074294,0.0071112136,0.019105325,0.02081523,0.055481117,0.012738602,74
75,0.082004085,0.017736051,0.027280705,0.03380792,0.05539227,0.008358924,75
76,0.008150333,0.0024144747,0.006075927,0.0146608865,0.05295721,0.006749553,76
77,0.007724957,0.0030502686,0.021622563,0.046889547,0.04617848,0.0045618177,77
78,0.0022354939,0.0065779425,0.0114887785,0.0027018716,0.0063566314,0.0019093116,78
79,0.0057308227,0.012092021,0.1607339,0.005907831,0.003902035,0.010715224,79
80,0.0043386314,0.06509339,0.037358653,0.054730345,0.0023831725,0.013437531,80
81,0.0026030391,0.009358233,0.021099638,0.0054997467,0.0020816666,0.008966714,81
82,0.022294007,0.009134887,0.040507942,0.046197142,0.00651549,0.020712331,82
83,0.012765796,0.009408461,0.046178564,0.027708206,0.02783988,0.011470057,83
84,0.16451393,0.11272442,0.021296931,0.018733101,0.030875782,0.05071124,84
85,0.58719116,0.26696154,0.11486761,0.064584754,0.07142857,0.12786184,85
86,0.7867418,0.17815688,0.071626544,0.026371142,0.014939134,0.028259344,86
87,0.32303914,0.020495465,0.1622255,0.029485023,0.025063919,0.022540947,87
88,0.13788825,0.0060635107,0.03432237,0.030751359,0.023935584,0.012335392,88
89,0.052069977,0.017694255,0.044524383,0.026511604,0.01044579,0.008894259,89
90,0.08037005,0.015658306,0.06459796,0.013721862,0.012442292,0.03256101,90
91,0.026414283,0.004642974,0.012782995,0.017161492,0.019705057,0.027235674,91
92,0.0074977824,0.0049263053,0.030626852,0.0075901356,0.024890203,0.012184682,92
93,0.006721378,0.0027919675,0.030551232,0.0060802684,0.021720843,0.010322753,93
94,0.012277016,0.0052256207,0.037897065,0.015047462,0.0142707545,0.015050367,94
95,0.005442413,0.0017401007,0.010846049,0.004597729,0.01223844,0.009505047,95
96,0.0115496,0.0024535474,0.014038645,0.037317004,0.0025379984,0.014385135,96
97,0.022547243,0.0068942723,0.057370543,0.18984555,0.019504419,0.02210631,97
98,0.014274793,0.0019656313,0.018878648,0.028003084,0.017924244,0.017506381,98
99,0.002725431,0.002012517,0.00850814,0.003315566,0.002546191,0.008018804,99
100,0.023928909,0.18587147,0.05101464,0.15778138,0.08456506,0.08562375,100
101,0.03612338,0.05358576,0.014196823,0.07376187,0.21844158,0.053534012,101
102,0.08924752,0.017704213,0.029589003,0.107735716,0.08785143,0.021098457,102
103,0.08157949,0.024018643,0.039642364,0.27930215,0.11891158,0.020408219,103
104,0.04462051,0.005452121,0.032663856,0.062455617,0.05351913,0.020434251,104
105,0.072415516,0.0044926307,0.09051449,0.13306426,0.06164869,0.04827709,105
106,0.09022506,0.22870089,0.024630861,0.08823059,0.3600641,0.021413596,106
107,0.03514069,0.086122766,0.015485717,0.01699513,0.0651103,0.015757324,107
108,0.002658464,0.005232859,0.057098426,0.03929735,0.0071838135,0.02052661,108
109,0.027076894,0.06012873,0.008389743,0.013158123,0.027209945,0.014947184,109
110,0.0044947937,0.033606026,0.015441963,0.041871347,0.008789148,0.05132275,110
111,0.01326672,0.0074351933,0.01237483,0.03403079,0.012063443,0.01859042,111
112,0.043178692,0.020918539,0.015138362,0.018901104,0.021538595,0.021812038,112
113,0.34353372,0.08729665,0.37948915,0.008127906,0.012716349,0.007718143,113
114,0.37239003,0.3226536,0.6066429,0.028674807,0.09054055,0.115099445,114
115,0.00816108,0.03917176,0.0031581768,0.27240616,0.024473242,0.015804606,115
116,0.004322434,0.0053945547,0.001077246,0.03754364,0.16315325,0.16059071,116
117,0.0027241986,0.0090565225,0.001918024,0.024546586,0.38282096,0.030679122,117
118,0.0027892154,0.023472274,0.0013259011,0.1292746,0.2572444,0.06931556,118
119,0.01011453,0.020762714,0.030643705,0.03962562,0.046346627,0.03274182,119
120,0.0065465053,0.0025488264,0.0053933524,0.0892604,0.67829233,0.018773425,120
121,0.0069560115,0.013150392,0.009343215,0.8277611,0.17739664,0.036695693,121
122,0.048517574,0.09169173,0.014128537,0.005074526,0.20611168,0.007749958,122
123,0.015689315,0.003984315,0.0030324734,0.008188444,0.62873816,0.038859468,123
124,0.028167669,0.003515744,0.0050759395,0.057912964,0.0876705,0.016132092,124
125,0.024182877,0.0027835127,0.004766386,0.05110024,0.102756016,0.010591475,125
126,0.015718251,0.0058850423,0.006843198,0.006880717,0.38962495,0.005286051,126
127,0.037475765,0.02828439,0.011235721,0.0070401058,0.67744124,0.014850417,127
128,0.013405172,0.23533233,0.008180103,0.037377674,0.023063412,0.041560493,128
129,0.026313985,0.09411606,0.02079602,0.007515865,0.083406374,0.03606204,129
130,0.034593232,0.002584769,0.003468989,0.029073652,0.31911546,0.20840517,130
131,0.005289411,0.002457846,0.0046534617,0.0050578024,0.039370593,0.070622325,131
132,0.013526816,0.0048449314,0.003466942,0.037110027,0.09294493,0.008963054,132
133,0.015173507,0.019957956,0.008730767,0.014566841,0.0068716225,0.020026544,133
134,0.0061952854,0.035970885,0.02561236,0.73779565,0.01170119,0.041174363,134
135,0.011297209,0.0015382841,0.006211618,0.0166619,0.16349842,0.16402762,135
136,0.0067614294,0.011959763,0.006487256,0.007086383,0.008222959,0.584262,136
137,0.047060274,0.0016819502,0.0105791455,0.014059806,0.20134121,0.32322767,137
138,0.04414757,0.0025307238,0.009357963,0.010535656,0.048077915,0.31652096,138
139,0.010524566,0.0031009465,0.008353661,0.0020019326,0.05596954,0.038145337,139
140,0.17997059,0.0028233847,0.017330125,0.033208918,0.014952774,0.20823407,140
141,0.012837762,0.0055719092,0.0045159175,0.01051855,0.010805251,0.026755033,141
142,0.02310563,0.00308515,0.017913386,0.017933244,0.02569432,0.12447731,142
143,0.6444992,0.017868862,0.029875068,0.022249259,0.02694578,0.14015362,143
144,0.020290457,0.06263213,0.011198911,0.0060056397,0.007162629,0.009701432,144
145,0.006972239,0.03669373,0.017230816,0.93236524,0.015849913,0.014124305,145
146,0.12998398,0.027015895,0.010569401,0.050235018,0.04096442,0.021234434,146
147,0.0083276145,0.012194132,0.010426694,0.124472745,0.20739268,0.01941678,147
148,0.0027009388,0.011035671,0.0030979307,0.021821836,0.68812007,0.028670948,148
149,0.008304438,0.0025069902,0.009684868,0.0057118945,0.026969306,0.015922649,149
150,0.1272692,0.010598069,0.005547239,0.0146243265,0.012373764,0.3566903,150
151,0.15899856,0.10536605,0.008762614,0.008185123,0.0670112,0.09849563,151
152,0.36537617,0.100648716,0.20175356,0.029731277,0.06841692,0.038706895,152
153,0.28309506,0.09909007,0.38920605,0.0113812005,0.0056088767,0.025819251,153
154,0.12372577,0.04990444,0.31712854,0.06062445,0.037403785,0.0071113748,154
155,0.021079212,0.0030443452,0.0069337348,0.02521037,0.01588749,0.0039706873,155
156,0.007214298,0.0054476727,0.014070512,0.78266627,0.017648894,0.0042611677,156
157,0.0071287896,0.0011408357,0.004840772,0.09853341,0.01846817,0.0029080773,157
158,0.003782244,0.0070513645,0.0071063368,0.00831491,0.012575573,0.025676003,158
159,0.0076588844,0.0053570424,0.018285468,0.015617488,0.0077700117,0.010236392,159
160,0.07624244,0.024309292,0.023316756,0.031618353,0.064836234,0.023468385,160
161,0.012298961,0.009265628,0.018258885,0.017544659,0.025214892,0.02021812,161
162,0.082058236,0.010762558,0.030870505,0.06067335,0.1350776,0.011308176,162
163,0.10693157,0.059693396,0.032305077,0.033960167,0.0698152,0.015283015,163
164,0.15232927,0.07419563,0.039866686,0.05345956,0.061010472,0.009225622,164
165,0.04661209,0.012687969,0.021743936,0.043119833,0.081255704,0.02134904,165
166,0.010346734,0.0047829836,0.0020175187,0.021757478,0.15316713,0.009258525,166
167,0.0067630564,0.010867572,0.011985615,0.006921521,0.3154157,0.0028651445,167
168,0.01283659,0.027039768,0.02156487,0.015347575,0.5950217,0.0128963515,168
169,0.021855814,0.0067519764,0.04198611,0.013047786,0.21204744,0.0049933456,169
170,0.04174402,0.02050368,0.05177859,0.034490943,0.035294298,0.07576241,170
171,0.02518126,0.011996902,0.041161243,0.07954215,0.041501425,0.01480334,171
172,0.0141164735,0.009345149,0.017301481,0.10599055,0.030245284,0.0075790565,172
173,0.043368254,0.00455898,0.011445428,0.20643508,0.38108036,0.00484684,173
174,0.05619101,0.039561767,0.035049587,0.45729774,0.309554,0.011341384,174
175,0.007950456,0.003461834,0.008043229,0.0072375517,0.036542103,0.0026793757,175
176,0.0074597187,0.016977638,0.016649364,0.009743114,0.86344165,0.017357094,176
177,0.019589806,0.02596961,0.046779636,0.016674865,0.916047,0.012001503,177
178,0.038766135,0.08873144,0.02557194,0.031544827,0.07229997,0.01872137,178
179,0.018745702,0.03499108,0.03344939,0.014425762,0.038644347,0.027540743,179
180,0.063710585,0.056549914,0.15576005,0.062237993,0.02439981,0.06027931,180
181,0.061648477,0.3129838,0.13974802,0.018309014,0.09536801,0.10473344,181
182,0.100722425,0.097858936,0.25254437,0.007128803,0.017182022,0.067471795,182
183,0.019777678,0.15550847,0.5195693,0.016860731,0.011418064,0.009339081,183
184,0.19033064,0.059029702,0.14943974,0.16812935,0.15084578,0.02308602,184
185,0.25897366,0.028375864,0.0057237516,0.046148047,0.61990196,0.07668558,185
186,0.054724533,0.00777619,0.007763514,0.34913605,0.56766576,0.020910108,186
187,0.014377652,0.0025136902,0.0024044504,0.32667068,0.24547715,0.07219578,187
188,0.019284932,0.008070114,0.013232637,0.8314206,0.09728722,0.03790233,188
189,0.22975147,0.02614384,0.04328351,0.014003522,0.063632384,0.013545254,189
190,0.018466417,0.0102967825,0.004203673,0.006132629,0.68132114,0.018494004,190
191,0.015980724,0.037152234,0.0107142385,0.06484765,0.25931856,0.010376987,191
192,0.006136885,0.08715963,0.021282773,0.022798736,0.6701999,0.029493082,192
193,0.043118298,0.009841851,0.003691567,0.00539962,0.054253433,0.1473573,193
194,0.12399666,0.24836768,0.010073059,0.044546112,0.029213013,0.018637298,194
195,0.34126267,0.08729615,0.032261327,0.017046507,0.033251066,0.05297888,195
196,0.10198223,0.17715275,0.0407416,0.026914714,0.0582823,0.074303746,196
197,0.13996665,0.3177338,0.026539542,0.05129383,0.031260014,0.03871855,197
198,0.052822564,0.26688004,0.023281783,0.044710044,0.15484971,0.049777124,198
199,0.0149768125,0.011291054,0.0048477533,0.0035549572,0.117191955,0.04804499,199
200,0.27445555,0.056415085,0.013873692,0.0050653857,0.07431092,0.045655217,200
201,0.07864352,0.073520035,0.038641166,0.004895286,0.22608154,0.06662001,201
202,0.0409614,0.015908757,0.018576829,0.0051851757,0.7179547,0.03527762,202
203,0.7566059,0.022495933,0.018193832,0.02028445,0.042902794,0.07096066,203
204,0.22946668,0.09995497,0.029026274,0.014007789,0.08657354,0.10225232,204
205,0.1352196,0.14770581,0.04953707,0.020440351,0.08453916,0.05909542,205
206,0.39900962,0.05564546,0.011730021,0.007533407,0.13601427,0.032055475,206
207,0.29421863,0.06739923,0.028701771,0.06683737,0.1059798,0.083379835,207
208,0.0894472,0.029978104,0.01275896,0.0322747,0.06848911,0.06290488,208
209,0.07970487,0.079161786,0.026711335,0.13662855,0.03686524,0.051208854,209
210,0.025166683,0.0017954004,0.0037623781,0.017216455,0.4063996,0.18352541,210
211,0.028183963,0.0021197915,0.010585975,0.029326603,0.0927147,0.040369827,211
212,0.017839761,0.01231696,0.02863903,0.028357012,0.6272821,0.029551774,212
213,0.034784302,0.01054215,0.0140188895,0.109249845,0.18303327,0.028363064,213
214,0.028106572,0.008439572,0.03110426,0.039123163,0.0669768,0.04445098,214
215,0.027562195,0.0026851478,0.0030535837,0.020396482,0.27251646,0.18027945,215
216,0.0057990127,0.0048456443,0.0019361861,0.03175843,0.026654553,0.064455524,216
217,0.009461524,0.0030619611,0.025359781,0.014760202,0.0150846755,0.015699154,217
218,0.013437304,0.00509302,0.015109348,0.021018608,0.012088683,0.010786531,218
219,0.009676612,0.0054950463,0.019490268,0.043404546,0.00965023,0.0575147,219
220,0.0827125,0.014541974,0.023010883,0.020217037,0.017434567,0.07149466,220
221,0.09012938,0.008944728,0.0236511,0.017019723,0.2600106,0.25226456,221
222,0.09401467,0.030682309,0.017507736,0.017311782,0.060951445,0.67658997,222
223,0.040325947,0.046778046,0.034647103,0.019919181,0.10259243,0.058446523,223
224,0.553237,0.012897942,0.021880032,0.017460162,0.06194879,0.107913636,224
225,0.06187381,0.007204493,0.012152298,0.087167405,0.24986687,0.040548157,225
226,0.03911216,0.01874809,0.0051041073,0.03792705,0.09705295,0.03445702,226
227,0.031058883,0.013403949,0.014799139,0.023591641,0.03967565,0.016418904,227
228,0.025582112,0.01325759,0.02210701,0.013548174,0.11106838,0.031404674,228
229,0.021949308,0.013482716,0.013673706,0.0132292565,0.026273893,0.024440024,229
230,0.02933309,0.01659991,0.028761908,0.05506556,0.07222568,0.035682604,230
231,0.051378943,0.012291051,0.006756109,0.04425626,0.037679337,0.009582058,231
232,0.08437688,0.012156557,0.015595567,0.06976101,0.042128157,0.016534256,232
233,0.011987872,0.031829435,0.0028741618,0.18009496,0.2921948,0.017801588,233
234,0.02376146,0.12811722,0.030441353,0.11552788,0.28193554,0.016142048,234
235,0.010041488,0.00249018,0.008194225,0.029774018,0.021464506,0.015196077,235
236,0.020467695,0.01307548,0.010852947,0.11748593,0.020411367,0.008235513,236
237,0.059112158,0.010974504,0.021268781,0.2385412,0.050130147,0.013712004,237
238,0.13636272,0.034244884,0.008005724,0.038224827,0.027318362,0.017522966,238
239,0.05751835,0.064727895,0.005802172,0.028166788,0.011995043,0.02123737,239
240,0.08166542,0.056020156,0.015081288,0.024908166,0.031642668,0.049760167,240
241,0.108296156,0.048087787,0.024692385,0.041064173,0.044954464,0.010835726,241
242,0.08561251,0.027090413,0.046851344,0.1520145,0.0872116,0.010102029,242
243,0.089635566,0.11302138,0.019550662,0.11414823,0.046534274,0.014617332,243
244,0.13188532,0.11181668,0.015090344,0.037663277,0.021240016,0.034097925,244
245,0.1641843,0.066829346,0.026249938,0.031587556,0.060480293,0.13237718,245
246,0.6704683,0.034249805,0.028744116,0.056756336,0.013814809,0.045435283,246
247,0.21914746,0.035264354,0.01092495,0.026904402,0.012815096,0.015777549,247
248,0.31103224,0.032873042,0.0115748085,0.03145524,0.025017554,0.015625184,248
249,0.021862518,0.067329094,0.009392909,0.050430372,0.01563181,0.042521846,249
250,0.02464722,0.0022647802,0.05071541,0.03539286,0.015556927,0.057148986,250
251,0.014568621,0.005143392,0.017697059,0.05299496,0.006041764,0.00532742,251
252,0.03343853,0.029159714,0.016479632,0.19530289,0.10212672,0.008533383,252
253,0.043482613,0.0154977245,0.03678815,0.04028115,0.043052163,0.026845241,253
254,0.2298524,0.029514346,0.19551502,0.011696234,0.0070208884,0.006516869,254
255,0.112174034,0.037637606,0.3827666,0.023086285,0.005979063,0.039213903,255
256,0.21832523,0.08019607,0.051858243,0.024978537,0.0072358907,0.00771589,256
257,0.053950008,0.0035117355,0.016018314,0.015189106,0.012956787,0.005888062,257
258,0.02515162,0.0072027543,0.002570494,0.061976578,0.016508456,0.0056534447,258
259,0.007635895,0.0025400876,0.013688833,0.0057260264,0.0050801234,0.0056913933,259
260,0.008452785,0.0015684555,0.007974833,0.0089652315,0.02142832,0.015397362,260
261,0.0023021246,0.002065822,0.0036413234,0.002546156,0.0043951925,0.0023195725,261
262,0.0026278296,0.0013863142,0.0040844395,0.008417704,0.015330212,0.0056571714,262
263,0.01570141,0.005697176,0.005292106,0.1993795,0.0111918645,0.0066107726,263
264,0.024818337,0.0071230815,0.060946364,0.77619666,0.12460995,0.038777646,264
265,0.026711317,0.0124062635,0.01810763,0.87990546,0.012436922,0.026698649,265
266,0.054071244,0.050890837,0.020634172,0.1812815,0.026545342,0.027631328,266
267,0.025608845,0.034986746,0.008944322,0.035171635,0.029753115,0.01805258,267
268,0.04228795,0.87808865,0.036811005,0.017884692,0.03999306,0.010525381,268
269,0.016826965,0.006972437,0.048282754,0.029709453,0.07366125,0.04918563,269
270,0.028283164,0.006483909,0.04911048,0.014320866,0.019520503,0.041097675,270
271,0.0071653533,0.00836425,0.038095523,0.039378747,0.013337409,0.020442538,271
272,0.026715297,0.038198803,0.011839903,0.0516863,0.07388441,0.0040535177,272
273,0.026285447,0.011149053,0.029986424,0.02793576,0.14302215,0.0061156447,273
274,0.008541746,0.016417949,0.014509313,0.00902848,0.13116334,0.017530011,274
275,0.081752,0.22837585,0.010886215,0.013553541,0.058717556,0.024172015,275
276,0.22092341,0.4819666,0.0229931,0.015092491,0.009548084,0.08308683,276
277,0.07888867,0.54597354,0.0043331515,0.014912512,0.0137135,0.040236875,277
278,0.072071485,0.40081063,0.014457735,0.21162036,0.066828,0.0761576,278
279,0.08357444,0.02958235,0.023680706,0.011561091,0.03132398,0.008554225,279
280,0.95268095,0.03041164,0.05260146,0.009896186,0.021621836,0.029676044,280
281,0.30661398,0.5344888,0.17155407,0.019789087,0.025067043,0.04140881,281
282,0.18636577,0.27027592,0.05233969,0.013779376,0.030367212,0.024856497,282
283,0.5415821,0.11110419,0.0532422,0.0074726157,0.009977266,0.026156006,283
284,0.07074519,0.73406726,0.051398367,0.02179916,0.016116418,0.0021255133,284
285,0.020027526,0.025651071,0.030963724,0.005080143,0.012180827,0.018091101,285
286,0.018966828,0.014356512,0.023180034,0.069896504,0.017022738,0.01913654,286
287,0.005943751,0.012839997,0.017467551,0.020599337,0.0048570368,0.007244747,287
288,0.0065059685,0.01418817,0.023662072,0.17429592,0.015956763,0.004342485,288
289,0.14544629,0.020273592,0.021290671,0.06921187,0.03132374,0.012404663,289
290,0.041076742,0.0055841757,0.06314528,0.029218625,0.028627783,0.022331573,290
291,0.031120539,0.0057082693,0.0743011,0.02892844,0.011891132,0.025697729,291
292,0.056141797,0.01293107,0.056646895,0.21127214,0.025715027,0.016289223,292
293,0.080952495,0.0037420858,0.13367528,0.021440381,0.013275899,0.023238627,293
294,0.006642277,0.0028117772,0.016848413,0.017632898,0.0057824063,0.0078007793,294
295,0.011589549,0.0013723876,0.019266542,0.0081902025,0.008475669,0.0020541942,295
296,0.023535365,0.00811091,0.054348104,0.015774475,0.18644488,0.012894853,296
297,0.0033641544,0.007109278,0.042317722,0.010723563,0.008979898,0.007767166,297
298,0.0010044622,0.006035044,0.0029590365,0.0063191326,0.0023972783,0.0033120653,298
299,0.04411078,0.06088352,0.008935472,0.012307956,0.025451176,0.049563095,299
300,0.07317463,0.03537256,0.047322944,0.06562684,0.05614143,0.047936186,300
301,0.022547105,0.012268368,0.043411795,0.026017992,0.018445587,0.019586788,301
302,0.015700746,0.013517949,0.053681362,0.075269505,0.014290704,0.014950442,302
303,0.09054701,0.05874231,0.046448145,0.09558378,0.1833493,0.021437492,303
304,0.12187917,0.042198256,0.04025194,0.11003364,0.069937095,0.017503947,304
305,0.059111927,0.016713016,0.02994374,0.12574671,0.047751967,0.020743437,305
306,0.080450036,0.02256461,0.034626555,0.11927584,0.05412296,0.018637564,306
307,0.0166155,0.016165137,0.015027708,0.044956543,0.04031897,0.006574432,307
308,0.0312726,0.042639766,0.00829999,0.035407342,0.050810244,0.011036015,308
309,0.0062304856,0.014403439,0.020365376,0.01996547,0.048543837,0.02227166,309
310,0.026567137,0.04040371,0.008416663,0.06908507,0.0379831,0.03854885,310
311,0.060103785,0.021092106,0.03983387,0.14708126,0.10593165,0.008957677,311
312,0.10059327,0.027532889,0.033706546,0.085019544,0.049547005,0.009006973,312
313,0.05498217,0.02376333,0.033276644,0.07542722,0.06049866,0.010833963,313
314,0.07028552,0.014776866,0.042892512,0.10049765,0.029649813,0.009152184,314
315,0.1940195,0.052066553,0.024710838,0.03089735,0.030298322,0.008078008,315
316,0.03271167,0.010090954,0.037048444,0.07469719,0.22583377,0.0127341235,316
317,0.024792833,0.013474297,0.01657589,0.028259471,0.048784107,0.00532622,317
318,0.0043500806,0.009330769,0.012361125,0.053988546,0.08847972,0.005083214,318
319,0.0036988824,0.020621076,0.02388671,0.037460938,0.07728042,0.010214202,319
320,0.049142443,0.019986926,0.03275727,0.069730915,0.075360306,0.03073845,320
321,0.039221216,0.007840362,0.016620418,0.07267778,0.06768777,0.023451155,321
322,0.04495137,0.021459773,0.044651296,0.041015323,0.13576552,0.02561226,322
323,0.07630658,0.035294052,0.040979855,0.084242545,0.13483956,0.014536712,323
324,0.043231897,0.021129038,0.018204184,0.04759904,0.112002455,0.009211567,324
325,0.14495255,0.066551715,0.031878896,0.1799091,0.21392253,0.023479795,325
326,0.04463266,0.033259705,0.0297335,0.09127868,0.12524432,0.022701405,326
327,0.07266967,0.14451727,0.023254745,0.06078562,0.12837206,0.0055724396,327
328,0.015741223,0.010990342,0.011468489,0.010489884,0.09940761,0.009910764,328
329,0.006847243,0.0074762176,0.0104312515,0.0055141305,0.034520667,0.0113088,329
330,0.015555102,0.04856311,0.047699016,0.020450635,0.7495449,0.024890082,330
331,0.008162902,0.036850315,0.024920283,0.023033595,0.65658754,0.011246465,331
332,0.035728507,0.017545028,0.025694717,0.021214342,0.097505346,0.014162017,332
333,0.053260423,0.038695578,0.024949893,0.07702421,0.10989645,0.039638024,333
334,0.051882867,0.010281856,0.043368883,0.10976694,0.048624754,0.020409003,334
335,0.03215054,0.017972048,0.041397452,0.066997126,0.06398057,0.039179888,335
336,0.018632095,0.007824206,0.0112041235,0.02066137,0.056833785,0.0302134,336
337,0.029739503,0.006549713,0.022551797,0.026800768,0.046630263,0.01577073,337
338,0.04973722,0.003854871,0.061989,0.048914738,0.034315225,0.008787752,338
339,0.05098901,0.048219558,0.051336635,0.020252733,0.017057937,0.0059536453,339
340,0.13478896,0.008021489,0.0071574603,0.008862454,0.0038988856,0.036303077,340
341,0.9382344,0.033017974,0.04699215,0.00999789,0.011393891,0.012438561,341
342,0.92928493,0.02318042,0.049862746,0.008257141,0.0106234485,0.017411035,342
343,0.048874486,0.0058904565,0.014571091,0.097631514,0.008357537,0.008608167,343
344,0.011827942,0.0077537466,0.044756237,0.024543185,0.0052492367,0.011800742,344
345,0.003858738,0.040033963,0.004970245,0.01469233,0.0037649774,0.008289253,345
346,0.0029488322,0.0079141585,0.017967513,0.067354664,0.014839578,0.011875,346
347,0.0057949782,0.0036407749,0.012470618,0.0074008736,0.006735036,0.0027522761,347
348,0.0023317435,0.0020769134,0.0056854757,0.004070679,0.00409382,0.007151224,348
349,0.6045434,0.03579049,0.037840664,0.01273757,0.016763784,0.024278402,349
350,0.040693514,0.0033562004,0.46566758,0.003567282,0.013114548,0.059445895,350
351,0.0718953,0.0068752943,0.008678205,0.031582244,0.010822715,0.030902026,351
352,0.015323835,0.055158768,0.021570785,0.022388417,0.033486713,0.05544589,352
353,0.04114621,0.12521741,0.0107514,0.008732013,0.19868113,0.074017346,353
354,0.04880943,0.15351568,0.031849403,0.033222683,0.22423458,0.033196446,354
355,0.044504926,0.003642282,0.007551893,0.021288076,0.049119484,0.036159683,355
356,0.5990463,0.040626626,0.03434927,0.034618597,0.02631773,0.026958633,356
357,0.3150171,0.021384431,0.013955113,0.020697122,0.008735502,0.025473865,357
358,0.0034936385,0.002805934,0.0069976165,0.005885994,0.004248408,0.010071073,358
359,0.027949631,0.0113293715,0.08096543,0.037258625,0.1660666,0.03383567,359
360,0.043473735,0.006307894,0.012579469,0.6078288,0.31119967,0.043385766,360
361,0.054573048,0.10176309,0.011359652,0.5757804,0.4683633,0.030666675,361
362,0.015098623,0.04835271,0.009276371,0.027100176,0.12086005,0.022805432,362
363,0.0028412829,0.0033760364,0.002250608,0.018241063,0.29217744,0.033381045,363
364,0.02723127,0.0074718874,0.01437722,0.051954783,0.09850961,0.0706129,364
365,0.02200087,0.002156834,0.0065446575,0.022895252,0.03040613,0.02885187,365
366,0.018372167,0.003310473,0.00444477,0.298387,0.0045488835,0.01481294,366
367,0.011477499,0.002621775,0.011260529,0.055701673,0.008310896,0.010396406,367
368,0.00582516,0.0044493508,0.004352124,0.017913386,0.030938054,0.007584948,368
369,0.008032021,0.0039455458,0.027153986,0.017538045,0.0048392564,0.021316662,369
370,0.015686352,0.0058039953,0.014161624,0.20155188,0.049934264,0.015402488,370
371,0.06528495,0.013811515,0.009940736,0.32897946,0.11311431,0.0040618735,371
372,0.010309112,0.0076156002,0.010175366,0.8985579,0.010363119,0.009815414,372
373,0.030310808,0.0021346025,0.017277565,0.24017636,0.0168905,0.01930871,373
374,0.014908675,0.0043718303,0.00420306,0.062823676,0.0021754329,0.006017803,374
375,0.03325656,0.0013037465,0.024408937,0.13469374,0.023491299,0.012495311,375
376,0.0076758415,0.0017747816,0.0074457647,0.012480687,0.0067617022,0.0041933856,376
377,0.03661503,0.002060292,0.013273119,0.031635366,0.028965464,0.006863528,377
378,0.6241095,0.02284207,0.14428411,0.017073095,0.035817564,0.03511143,378
379,0.1801346,0.0048645334,0.31887582,0.009975387,0.015498728,0.02427677,379
380,0.055753253,0.026325548,0.016165966,0.03516354,0.060189717,0.020818241,380
381,0.06471364,0.0058036265,0.0060600406,0.07415802,0.0026460774,0.019111453,381
382,0.6103362,0.010573068,0.010384868,0.017102277,0.008625768,0.011690139,382
383,0.09524912,0.013459478,0.01157422,0.050108854,0.015845964,0.003611256,383
384,0.16592349,0.017063286,0.012129766,0.026818354,0.01272729,0.004356974,384
385,0.011362652,0.0016537524,0.01862636,0.21458502,0.0034648674,0.02215639,385
386,0.054876287,0.0010504484,0.12926298,0.11499649,0.007181943,0.026698774,386
387,0.0068790102,0.0017092549,0.006786608,0.050762687,0.008331376,0.005381736,387
388,0.0119594475,0.037162505,0.0090458775,0.6037258,0.09058171,0.04017255,388
389,0.06309321,0.12093603,0.006675249,0.2955698,0.11315153,0.07463963,389
390,0.9327287,0.06960465,0.045398787,0.008296304,0.019824797,0.02625827,390
391,0.7406806,0.15015812,0.43185756,0.0076632593,0.04118847,0.049993914,391
392,0.44417807,0.015111462,0.5699736,0.014572128,0.0142052015,0.023899134,392
393,0.05512797,0.012227508,0.0043733707,0.06733885,0.0060036955,0.013203052,393
394,0.06808015,0.04546086,0.029425977,0.32040069,0.025137527,0.044880237,394
395,0.022064084,0.0395111,0.010371156,0.30492562,0.13345733,0.014729313,395
396,0.014250592,0.39171803,0.007855539,0.17101786,0.21549626,0.011961008,396
397,0.0194525,0.012929952,0.01018624,0.09325711,0.022043703,0.013720622,397
398,0.009636774,0.0040614237,0.0064897393,0.011961087,0.0034252813,0.0033371495,398
399,0.012431171,0.022524366,0.050062645,0.011068611,0.016426368,0.018150812,399
400,0.6769665,0.028852317,0.30803636,0.007445806,0.017007273,0.012059243,400
401,0.9005332,0.03688714,0.16564484,0.0031150528,0.01657355,0.013871487,401
402,0.278597,0.0037520346,0.19621058,0.019705385,0.008126061,0.012825524,402
403,0.050679892,0.042871512,0.01396993,0.28382456,0.20663333,0.012459383,403
404,0.04682284,0.046550926,0.03507581,0.1281052,0.16094021,0.01943403,404
405,0.059818104,0.029867992,0.02807959,0.766404,0.052002624,0.0070368457,405
406,0.0010423015,0.017820397,0.02408774,0.0027363042,0.004294635,0.0024638625,406
407,0.011719235,0.005019421,0.036676396,0.0806159,0.0032555973,0.028017199,407
408,0.025460953,0.018044788,0.015920931,0.27198157,0.003546141,0.045189552,408
409,0.018130602,0.046443246,0.020441094,0.06497387,0.0034546726,0.32635143,409
410,0.5551171,0.096268654,0.11409598,0.016082164,0.011463586,0.028308265,410
411,0.92227894,0.04228553,0.11469274,0.023668492,0.01651619,0.077525616,411
412,0.027303653,0.0031469937,0.009964365,0.15426005,0.00656651,0.008615967,412
413,0.004049377,0.0017808354,0.008521559,0.006542103,0.0028109911,0.0037626997,413
414,0.8123003,0.008189809,0.03686204,0.004886676,0.023244776,0.024931226,414
415,0.04953866,0.94658786,0.06099771,0.027763646,0.038154747,0.03124376,415
416,0.027826227,0.9709113,0.01166941,0.012352075,0.04445802,0.0120719755,416
417,0.03967371,0.11263694,0.005534467,0.011136124,0.029644083,0.00744116,417
418,0.019529158,0.020778574,0.002981315,0.017387213,0.033178087,0.004545219,418
419,0.0057410123,0.0017162338,0.003060871,0.0038825362,0.015562667,0.0029868705,419
420,0.17777134,0.63013923,0.021109382,0.026950555,0.07052011,0.007534059,420
421,0.09990753,0.89178485,0.0067386865,0.011201055,0.06403082,0.030736614,421
422,0.091105394,0.42860782,0.009578434,0.03354552,0.049407206,0.018784102,422
423,0.032311797,0.36370236,0.011702238,0.026693607,0.15503515,0.023382293,423
424,0.043999434,0.3688143,0.009907011,0.03793904,0.09695083,0.018924376,424
425,0.097372085,0.25678897,0.014356303,0.02180358,0.069086045,0.028514648,425
426,0.08198698,0.24791643,0.09493671,0.012661724,0.11163348,0.04698391,426
427,0.68459517,0.23538123,0.17712623,0.032653145,0.08544252,0.10142633,427
428,0.84373415,0.037254784,0.18671559,0.014769357,0.03197156,0.07515875,428
429,0.11928462,0.024386501,0.7798635,0.024802739,0.030883301,0.14478453,429
430,0.08028563,0.005143279,0.8564019,0.0045291176,0.017363546,0.013638028,430
431,0.05133571,0.002404078,0.14993772,0.022783188,0.010899459,0.014635262,431
432,0.13049509,0.085271224,0.012401619,0.0070215696,0.022465114,0.0059937127,432
433,0.18209516,0.03475567,0.039163593,0.004374025,0.037041232,0.013792595,433
434,0.5775558,0.012364916,0.7111782,0.0043545295,0.025595037,0.010855394,434
435,0.23985925,0.009262761,0.7484508,0.003990367,0.016533734,0.015065665,435
436,0.019296085,0.0027359882,0.01440227,0.017728824,0.0037978098,0.0078049107,436
437,0.0021990156,0.0026245995,0.0039465576,0.008084858,0.006000253,0.004540742,437
438,0.0020016313,0.0020182473,0.0050097518,0.0031363666,0.0031799718,0.0038400223,438
439,0.011612709,0.0059192255,0.04318277,0.020460049,0.01478374,0.032133117,439
440,0.006422681,0.0030463822,0.008237102,0.008900702,0.015428746,0.008512422,440
441,0.017747462,0.002884014,0.0053838193,0.078676574,0.014852525,0.010719375,441
442,0.3605225,0.007933429,0.14554046,0.013949138,0.008009402,0.007910553,442
443,0.9490097,0.03845942,0.0229775,0.012322083,0.014419858,0.023984306,443
444,0.8718933,0.017861456,0.032836337,0.0061822375,0.011027614,0.019052045,444
445,0.74060684,0.013030145,0.011579163,0.021213269,0.009977922,0.011677783,445
446,0.9220158,0.03797871,0.018219505,0.0067249634,0.013190074,0.024255326,446
447,0.959669,0.066186994,0.08298721,0.012048229,0.012392693,0.045620874,447
448,0.034833226,0.017974306,0.0059488444,0.023315735,0.045680083,0.0045773527,448
449,0.013244827,0.0064825616,0.017335964,0.085777685,0.04217904,0.006605742,449
450,0.42540464,0.11376547,0.040993903,0.011540354,0.057296213,0.08866312,450
451,0.6840924,0.024536984,0.07403294,0.0040343627,0.019404909,0.02773261,451
452,0.85231787,0.049916334,0.16547102,0.018239718,0.030694174,0.018597199,452
453,0.4077929,0.023683738,0.09291076,0.008040641,0.10806539,0.04601931,453
454,0.9003374,0.010422838,0.09195797,0.011074802,0.032948826,0.061729405,454
455,0.30221182,0.1085224,0.1337886,0.040542427,0.061402988,0.1508822,455
456,0.113974616,0.19379127,0.046180125,0.025970057,0.059709,0.078342006,456
457,0.065159015,0.21972147,0.011738818,0.010656325,0.0496608,0.019102167,457
458,0.010051249,0.028217517,0.006051757,0.0050981925,0.06674905,0.0064178114,458
459,0.0064716553,0.018976005,0.023601668,0.007849834,0.016515005,0.010666843,459
460,0.008081769,0.9258441,0.009151579,0.009100586,0.010294445,0.0362039,460
461,0.04139924,0.33977345,0.045066208,0.07745685,0.04287539,0.040180694,461
462,0.39954937,0.04339962,0.7160402,0.018811176,0.03950137,0.046942573,462
463,0.87827826,0.061952285,0.14705613,0.00814121,0.01926946,0.013834168,463
464,0.09607907,0.028672868,0.5664631,0.014294064,0.019938042,0.018361712,464
465,0.85267806,0.016906535,0.04070388,0.011211131,0.026512085,0.008448783,465
466,0.5503494,0.013906505,0.17594656,0.037819497,0.028849188,0.014675903,466
467,0.54270905,0.014244792,0.051393516,0.018907141,0.022577269,0.023609104,467
468,0.11176877,0.032824617,0.014727457,0.015873404,0.017174006,0.0060875085,468
469,0.02332621,0.021702306,0.021110041,0.03187487,0.053399086,0.020230435,469
470,0.17216216,0.30256107,0.02921304,0.017930405,0.101621896,0.011822343,470
471,0.09608256,0.046995364,0.047594704,0.06848266,0.18273069,0.01068513,471
472,0.060026437,0.04580963,0.023714583,0.052242614,0.14919907,0.012334207,472
473,0.066865146,0.036890395,0.032113746,0.020180453,0.12832955,0.033768944,473
474,0.05089731,0.037934605,0.04190626,0.020638835,0.1511907,0.06989326,474
475,0.90216416,0.019037021,0.06473763,0.013064893,0.029911408,0.030346943,475
476,0.33185807,0.029716162,0.036414564,0.094802186,0.07852047,0.009097705,476
477,0.10735757,0.19108318,0.014565295,0.029980114,0.04190404,0.026156986,477
478,0.054926213,0.05418739,0.0065930192,0.03273151,0.049179845,0.012309213,478
479,0.015988069,0.07559004,0.007164807,0.009977888,0.016979888,0.023978448,479
480,0.022877727,0.06329945,0.05230332,0.015626557,0.06899485,0.09836362,480
481,0.01304673,0.0033859548,0.019248657,0.015525491,0.011655103,0.022802306,481
482,0.006709346,0.009089924,0.012760317,0.012140923,0.011527498,0.01218296,482
483,0.004500328,0.0049598143,0.0041843853,0.0062839203,0.0043825777,0.007533753,483
484,0.0061014015,0.0050787674,0.0036013029,0.024587985,0.007127649,0.0064170477,484
485,0.019123886,0.0023868505,0.0111712655,0.16258945,0.0076027648,0.0025832017,485
486,0.019174142,0.0069779065,0.0043933066,0.5069245,0.013460884,0.014623418,486
487,0.02438352,0.019777177,0.00556678,0.798818,0.0040953,0.015260864,487
488,0.5341589,0.18925324,0.021102544,0.010546856,0.009132918,0.04641258,488
489,0.5465074,0.016848966,0.013605968,0.009623221,0.0065735253,0.065808795,489
490,0.596286,0.006788006,0.028457383,0.0111651365,0.008090638,0.29334244,490
491,0.9040011,0.01135365,0.06968712,0.007065685,0.013160538,0.1521028,491
492,0.608683,0.0054007694,0.02009665,0.009566183,0.0055599026,0.13639702,492
493,0.7014489,0.013995525,0.0776456,0.006061075,0.019637866,0.032976456,493
494,0.9013888,0.015911812,0.15667309,0.008447408,0.02267771,0.064491384,494
495,0.82538754,0.033154234,0.061032802,0.010749711,0.0075390167,0.086579055,495
496,0.6351593,0.006824818,0.024387578,0.009314702,0.011148722,0.04914163,496
497,0.18177308,0.005780893,0.0060263886,0.012896449,0.009659788,0.019580536,497
498,0.05138016,0.0030645225,0.004144386,0.01457729,0.009393412,0.006553794,498
499,0.0071937,0.0015079611,0.0049547567,0.0052816393,0.0071748984,0.003259237,499
500,0.003729652,0.0023555937,0.009806172,0.0070016338,0.008739165,0.00460072,500
501,0.037460256,0.0041323705,0.005317794,0.006967942,0.019554246,0.0084329145,501
502,0.95346016,0.013771959,0.05490027,0.010124652,0.014539405,0.02010995,502
503,0.95155853,0.01738397,0.042720668,0.0058820504,0.009089005,0.027663609,503
504,0.44733796,0.06940645,0.01619338,0.053057488,0.049277663,0.004487077,504
505,0.024753453,0.0046015102,0.0044535967,0.041704077,0.022130825,0.0072296895,505
506,0.004436511,0.0015172443,0.004915565,0.01997181,0.02008392,0.0043053096,506
507,0.020267176,0.005782631,0.011161304,0.071318164,0.03000271,0.018341208,507
508,0.013390707,0.011235743,0.005800323,0.054838017,0.0520323,0.02149331,508
509,0.008267438,0.003718031,0.014562133,0.0105198,0.011713002,0.008013571,509
510,0.04645302,0.01690292,0.017536392,0.085341915,0.20781842,0.014099719,510
511,0.14238091,0.026364742,0.011028836,0.13250102,0.2424346,0.0114246225,511
512,0.07750415,0.02518426,0.018012969,0.17945935,0.35661575,0.013678415,512
513,0.18429336,0.009409367,0.0074971044,0.017784046,0.013098616,0.0026736874,513
514,0.06430122,0.13174273,0.014931396,0.11627207,0.17703079,0.015247855,514
515,0.031842154,0.002985157,0.02266859,0.06481845,0.08218685,0.007900797,515
516,0.0040124045,0.00362289,0.0032877796,0.005975683,0.007961837,0.0033529643,516
517,0.011743704,0.054871596,0.010452605,0.12522905,0.26295343,0.04398017,517
518,0.036871165,0.11464179,0.016349941,0.18953447,0.2638967,0.027198361,518
519,0.33891734,0.016283289,0.02841643,0.012749425,0.025043333,0.0066545145,519
520,0.041895427,0.0076795295,0.018916955,0.019243728,0.014444783,0.03026663,520
521,0.0055906586,0.0049944273,0.007216355,0.00904967,0.0098365685,0.0129884435,521
522,0.009046258,0.0037814302,0.013472515,0.08821485,0.028269669,0.009022283,522
523,0.025219193,0.0038716707,0.0062968773,0.25977919,0.057805683,0.013219027,523
524,0.023788232,0.0015201437,0.004412321,0.02033661,0.0037146627,0.031996652,524
525,0.009381532,0.0037020769,0.007794711,0.00788729,0.0027257176,0.034145437,525
526,0.06766228,0.016688796,0.0047175875,0.10816598,0.010845701,0.09829425,526
527,0.029374959,0.065462776,0.023020808,0.19845636,0.051838726,0.30086106,527
528,0.006240686,0.04015683,0.00383874,0.008667706,0.0027798924,0.26111484,528
529,0.013446156,0.027081111,0.025750738,0.020027634,0.029580306,0.7758546,529
530,0.1646521,0.0029932472,0.008558998,0.010301906,0.009852853,0.038836814,530
531,0.2524781,0.00077021506,0.022867411,0.009599981,0.008918348,0.048646297,531
532,0.033653617,0.0063245636,0.04887582,0.049583744,0.32709014,0.18912406,532
533,0.013643687,0.016697224,0.0193457,0.011343181,0.14574149,0.7517566,533
534,0.008082403,0.014240348,0.0041331123,0.004184648,0.39602154,0.05902242,534
535,0.030315954,0.006538509,0.011110875,0.0041211257,0.023910858,0.8395352,535
536,0.10417821,0.083477825,0.14203627,0.032992467,0.0031653834,0.35241273,536
537,0.13036467,0.014104434,0.0041854703,0.02218246,0.0070112473,0.013731816,537
538,0.012269859,0.01008772,0.0056161047,0.023012321,0.01394125,0.0062323166,538
539,0.025421126,0.01196616,0.020262802,0.061649512,0.09741894,0.035873402,539
540,0.03964998,0.016153827,0.017143665,0.041011874,0.024900002,0.49904013,540
541,0.013731221,0.002460279,0.023765014,0.010939313,0.01608818,0.1936078,541
542,0.006661099,0.0042832675,0.004840418,0.024648165,0.026312131,0.0220913,542
543,0.026839629,0.0064068562,0.0047506522,0.06781888,0.0046669184,0.04434762,543
544,0.011151436,0.0034163066,0.008609131,0.031470243,0.006509128,0.022059008,544
545,0.010024742,0.0029790183,0.018813077,0.0058508264,0.0074112983,0.025847092,545
546,0.8539417,0.056914914,0.027603693,0.0054799505,0.031624638,0.051724136,546
547,0.030838594,0.043120567,0.017902859,0.054746382,0.014402114,0.86582804,547
548,0.18632177,0.046689928,0.0050825444,0.010649868,0.061603684,0.05573064,548
549,0.02778318,0.045663595,0.009406749,0.008350924,0.018347716,0.14739326,549
550,0.022592392,0.047488987,0.23580706,0.045590445,0.0050544273,0.050789792,550
551,0.08384979,0.10212978,0.029679118,0.014642918,0.11884025,0.11922659,551
552,0.14207803,0.02973766,0.0051847426,0.004430134,0.046945874,0.80289966,552
553,0.064329125,0.013562125,0.021631816,0.049468018,0.0106931375,0.92294353,553
554,0.23456727,0.018589647,0.01745276,0.016720783,0.14081714,0.16199054,554
555,0.040529706,0.008982423,0.01450705,0.017854089,0.07116114,0.025365805,555
556,0.04769908,0.006160639,0.0143680675,0.03710731,0.040915865,0.026391925,556
557,0.19880894,0.032008313,0.002275248,0.009941637,0.026217368,0.02464029,557
558,0.03358796,0.010717747,0.017663997,0.008040445,0.036328807,0.0092220185,558
559,0.0138575155,0.042736653,0.15606354,0.010026815,0.006830803,0.002846077,559
560,0.8246645,0.015327665,0.013989472,0.018649446,0.0093350485,0.21602196,560
561,0.9613138,0.019577816,0.040772833,0.008918294,0.013164588,0.034348503,561
562,0.9068907,0.023947313,0.08308958,0.010300968,0.01429923,0.009428044,562
563,0.9674586,0.02761377,0.03940764,0.010794471,0.013096934,0.03347341,563
564,0.081193104,0.02065218,0.028854813,0.057772156,0.113428175,0.004680479,564
565,0.014865974,0.018334195,0.016345648,0.04723083,0.031295203,0.013273651,565
566,0.0057143406,0.004737808,0.018896217,0.048724055,0.010010608,0.002688961,566
567,0.025102092,0.0036007806,0.066774294,0.07800215,0.011100934,0.008079178,567
568,0.027380766,0.036611818,0.01920043,0.017645208,0.085202456,0.0027772884,568
569,0.001402845,0.004321634,0.0073050116,0.0036867775,0.0035380123,0.003810148,569
570,0.033330247,0.4603551,0.052547973,0.024160571,0.17548205,0.09521782,570
571,0.0291906,0.260054,0.056536663,0.014649435,0.09914976,0.033373848,571
572,0.017426156,0.8698651,0.025990816,0.007628232,0.08411928,0.0826736,572
573,0.07072772,0.70824754,0.04133286,0.016821604,0.15533914,0.05525268,573
574,0.42883158,0.055692673,0.097175784,0.015726604,0.017392524,0.02202175,574
575,0.32305917,0.586261,0.06360071,0.025228962,0.072345346,0.051134534,575
576,0.048364174,0.34225893,0.05758078,0.17868838,0.3023832,0.017857837,576
577,0.035829134,0.027673906,0.031868286,0.044812348,0.13146873,0.014813795,577
578,0.021662025,0.005328974,0.0033136224,0.009428248,0.026103685,0.005635465,578
579,0.009876218,0.02053862,0.026668357,0.020667076,0.08291844,0.0238435,579
580,0.07688583,0.033823952,0.0113425385,0.08605608,0.11212532,0.015702853,580
581,0.035322983,0.01771244,0.01772703,0.009595005,0.22720776,0.0077296807,581
582,0.6797895,0.0064566713,0.08649947,0.010543344,0.04084344,0.010114758,582
583,0.59939027,0.14652158,0.02496414,0.007986793,0.06502009,0.009400385,583
584,0.76546,0.35900486,0.09524334,0.0061557894,0.044129606,0.08511765,584
585,0.06949773,0.9001582,0.020782521,0.022141483,0.033007856,0.013136958,585
586,0.35384715,0.062292147,0.023664817,0.019113317,0.01519238,0.008259735,586
587,0.5217733,0.21056375,0.015928157,0.011059542,0.042593013,0.008925933,587
588,0.05858544,0.028485384,0.9083282,0.01757714,0.01679544,0.016368372,588
589,0.09977219,0.04321279,0.1862609,0.007586082,0.0103958165,0.0021335382,589
590,0.15406252,0.021815518,0.16844738,0.01051928,0.018071404,0.0039838008,590
591,0.050047837,0.023833131,0.6437425,0.03822818,0.008900524,0.0145945335,591
592,0.8472534,0.04747568,0.04519295,0.0046652933,0.024017738,0.010723593,592
593,0.8329468,0.03400741,0.030996276,0.011594816,0.040326353,0.019069748,593
594,0.4025765,0.0057067326,0.092051834,0.06663876,0.07083447,0.036680736,594
595,0.20256406,0.02466252,0.035622895,0.04662278,0.021180928,0.057222188,595
596,0.13136248,0.04076168,0.005670483,0.03810943,0.0127946455,0.02632071,596
597,0.080364555,0.030009108,0.008185111,0.10580993,0.03926262,0.022065738,597
598,0.05325618,0.03298166,0.007980253,0.016008224,0.013643584,0.009723882,598
599,0.059849244,0.03582067,0.038042735,0.050974846,0.05521549,0.012735807,599
600,0.17356713,0.054232005,0.04416003,0.03867786,0.07369204,0.04366518,600
601,0.16145906,0.10527872,0.027070722,0.009622899,0.07870636,0.029100684,601
602,0.81324345,0.027825767,0.16521831,0.035325453,0.039596114,0.056673054,602
603,0.671187,0.01109848,0.0227522,0.018327802,0.04521496,0.018822357,603
604,0.33540067,0.004603996,0.09002071,0.01900415,0.03141932,0.047032848,604
605,0.24874549,0.06366702,0.059640992,0.0172026,0.09208126,0.035424065,605
606,0.9368168,0.024472458,0.027626289,0.011845969,0.028450817,0.033424508,606
607,0.9416481,0.053098977,0.038095504,0.012280995,0.025642117,0.048195127,607
608,0.43648744,0.005334611,0.029802004,0.02158125,0.016369654,0.02354517,608
609,0.017665252,0.00638804,0.05465504,0.056793734,0.10392015,0.030507328,609
